chain,resname,resnum,res_key,density
A,ARG,27,A_ARG_27,13.956125327382981
A,ARG,28,A_ARG_28,27.496951676933634
A,ASN,9,A_ASN_9,20.877354732355137
A,ASN,22,A_ASN_22,5.927466692685155
A,ASP,40,A_ASP_40,8.825708123783816
A,CYS,5,A_CYS_5,18.355621326769437
A,CYS,16,A_CYS_16,18.748904284511433
A,GLU,10,A_GLU_10,23.390593142512657
A,GLU,13,A_GLU_13,17.445553460206405
A,GLU,26,A_GLU_26,23.300516190812157
A,GLU,31,A_GLU_31,2.5529791014697207
A,HIS,14,A_HIS_14,12.257651142359219
A,HIS,23,A_HIS_23,23.454017855018524
A,ILE,4,A_ILE_4,18.47323984697707
A,ILE,7,A_ILE_7,17.673283451523794
A,ILE,30,A_ILE_30,18.716316622469346
A,ILE,42,A_ILE_42,12.762145980255388
A,ILE,55,A_ILE_55,5.81163185473765
A,LEU,3,A_LEU_3,18.364927611009293
A,LEU,29,A_LEU_29,18.239137786462503
A,LEU,52,A_LEU_52,2.107427276199867
A,PRO,12,A_PRO_12,15.676452278793212
A,PRO,15,A_PRO_15,16.892745518102693
A,PRO,41,A_PRO_41,13.098017255766008
A,SER,2,A_SER_2,15.242658876868674
A,SER,6,A_SER_6,14.96537360151007
A,SER,8,A_SER_8,15.079255833196168
A,SER,18,A_SER_18,6.9598074192486585
A,SER,21,A_SER_21,4.983699141735201
A,TYR,25,A_TYR_25,27.763607348352714
A,TYR,33,A_TYR_33,2.017481511856645
A,VAL,11,A_VAL_11,16.992971544187778
A,VAL,17,A_VAL_17,16.56073936620715
A,VAL,24,A_VAL_24,16.53015634753657
A,VAL,57,A_VAL_57,1.8768180266550285
