chain,resname,resnum,res_key,density,ACC
A,ALA,86,A_ALA_86,5.7781448854598905,0.0
A,ALA,87,A_ALA_87,11.603574197828667,24.0
A,ARG,201,A_ARG_201,16.990634266574993,60.0
A,ASN,208,A_ASN_208,20.559926692616383,38.0
A,ASP,96,A_ASP_96,11.819003572400574,56.0
A,ASP,198,A_ASP_198,20.434134067245907,5.0
A,CYS,206,A_CYS_206,17.743943302726514,51.0
A,GLU,211,A_GLU_211,18.030839959021797,147.0
A,GLY,205,A_GLY_205,10.196261723040587,87.0
A,HIS,88,A_HIS_88,4.491940681675976,35.0
A,HIS,97,A_HIS_97,16.02719251876918,35.0
A,HIS,200,A_HIS_200,10.681435213106056,11.0
A,LEU,84,A_LEU_84,7.206665249260197,72.0
A,LEU,99,A_LEU_99,17.762213474038322,16.0
A,PRO,202,A_PRO_202,16.09024605350087,32.0
A,PRO,204,A_PRO_204,15.528033198147828,97.0
A,THR,83,A_THR_83,10.191434629889436,33.0
A,THR,100,A_THR_100,18.07914601148739,49.0
A,THR,209,A_THR_209,17.25958942631413,27.0
A,THR,210,A_THR_210,13.993329458468873,46.0
A,TRP,197,A_TRP_197,5.470835844920966,2.0
A,TYR,148,A_TYR_148,20.00588849614852,28.0
A,VAL,98,A_VAL_98,17.470800162964252,44.0
A,VAL,199,A_VAL_199,16.976269490688548,9.0
A,VAL,203,A_VAL_203,16.1936073689226,29.0
A,VAL,207,A_VAL_207,15.625296166615954,126.0
