ID,Site
A0A1B2JLU2,A:67
A0A1B2JLU2,A:70
A0A1B2JLU2,A:86
A0A1B2JLU2,A:89
A0A1B2JLU2,A:105
A0A1B2JLU2,A:108
A0A1B2JLU2,A:110
A0A1B2JLU2,A:122
A0A1B2JLU2,A:130
A0A1B2JLU2,A:131
A0A1B2JLU2,A:147
A0A1B2JLU2,A:236
A0A1B2JLU2,A:311
G1JTE6,A:64
G1JTE6,A:119
G1JTE6,A:187
G1JTE6,A:225
G1JTE6,A:273
G1JTE6,A:282
O00151,A:73
O00151,A:260
O00151,A:263
O00151,A:283
O00151,A:286
O00151,A:289
O00151,A:307
O00168,A:11
O00206,A:20
O00206,A:29
O00206,A:40
O00206,A:88
O00206,A:192
O00206,A:246
O00206,A:281
O00206,A:306
O00206,A:340
O00206,A:506
O00206,A:542
O00206,A:583
O00206,A:585
O00206,A:609
O00206,A:627
O00206,A:664
O00206,A:706
O00206,A:747
O00206,A:831
O00408,A:43
O00408,A:94
O00408,A:119
O00408,A:166
O00408,A:234
O00408,A:262
O00408,A:263
O00408,A:276
O00408,A:295
O00408,A:325
O00408,A:332
O00408,A:348
O00408,A:369
O00408,A:391
O00408,A:393
O00408,A:430
O00408,A:504
O00408,A:544
O00408,A:636
O00408,A:643
O00408,A:668
O00408,A:693
O00408,A:695
O00408,A:743
O00408,A:801
O00408,A:807
O00408,A:935
O00408,A:936
O14672,A:173
O14672,A:222
O14672,A:313
O14672,A:344
O14672,A:399
O14672,A:451
O14672,A:460
O14672,A:471
O14672,A:473
O14672,A:479
O14672,A:483
O14672,A:484
O14672,A:495
O14672,A:503
O14672,A:510
O14672,A:511
O14672,A:515
O14672,A:524
O14672,A:530
O14672,A:536
O14672,A:543
O14672,A:555
O14672,A:562
O14672,A:567
O14672,A:572
O14672,A:580
O14672,A:582
O14672,A:594
O14672,A:597
O14672,A:598
O14672,A:607
O14672,A:639
O14672,A:645
O14672,A:699
O14744,A:42
O14744,A:196
O14744,A:278
O14744,A:344
O14744,A:449
O14744,A:487
O14744,A:518
O14744,A:536
O14744,A:599
O14744,A:605
O14744,A:622
O14763,A:81
O14763,A:94
O14763,A:97
O14763,A:116
O14763,A:119
O14763,A:129
O14763,A:137
O14763,A:139
O14763,A:153
O14763,A:156
O14763,A:160
O14763,A:170
O14763,A:178
O14763,A:209
O14763,A:232
O14763,A:248
O14763,A:341
O14880,A:56
O14880,A:131
O15118,A:16
O15118,A:25
O15118,A:31
O15118,A:42
O15118,A:63
O15118,A:74
O15118,A:75
O15118,A:97
O15118,A:100
O15118,A:109
O15118,A:113
O15118,A:160
O15118,A:177
O15118,A:184
O15118,A:227
O15118,A:238
O15118,A:240
O15118,A:243
O15118,A:247
O15118,A:292
O15118,A:323
O15118,A:324
O15118,A:334
O15118,A:346
O15118,A:352
O15118,A:364
O15118,A:468
O15118,A:479
O15118,A:516
O15118,A:533
O15118,A:645
O15118,A:670
O15118,A:778
O15118,A:909
O15118,A:914
O15118,A:957
O15118,A:967
O15118,A:976
O15118,A:979
O15118,A:1011
O15118,A:1119
O15118,A:1128
O15118,A:1161
O15118,A:1168
O15118,A:1261
O15127,A:149
O15127,A:170
O15127,A:197
O15127,A:201
O15127,A:227
O15127,A:275
O15344,A:10
O15344,A:13
O15344,A:25
O15344,A:30
O15344,A:33
O15344,A:42
O15344,A:56
O15344,A:59
O15344,A:119
O15344,A:122
O15344,A:134
O15344,A:137
O15344,A:142
O15344,A:145
O15344,A:175
O15344,A:187
O15344,A:248
O15344,A:266
O15344,A:302
O15344,A:305
O15344,A:375
O15344,A:392
O15344,A:431
O15344,A:578
O15344,A:580
O15344,A:638
O15344,A:647
O15344,A:662
O15394,A:42
O15394,A:93
O15394,A:136
O15394,A:186
O15394,A:232
O15394,A:281
O15394,A:322
O15394,A:380
O15394,A:422
O15394,A:475
O15492,A:34
O15492,A:98
O15492,A:123
O15492,A:151
O15492,A:194
O15498,A:66
O15523,A:62
O15523,A:126
O15523,A:173
O15523,A:221
O15523,A:315
O15523,A:339
O15523,A:466
O15533,A:27
O15533,A:91
O15533,A:315
O15533,A:382
O15533,A:440
O15551,A:23
O15551,A:24
O15551,A:53
O15551,A:63
O15551,A:181
O43665,A:74
O43854,A:26
O43854,A:31
O43854,A:37
O43854,A:48
O43854,A:50
O43854,A:59
O43854,A:78
O43854,A:83
O43854,A:89
O43854,A:105
O43854,A:107
O43854,A:116
O43854,A:123
O43854,A:128
O43854,A:134
O43854,A:143
O43854,A:145
O43854,A:154
O43854,A:301
O43854,A:305
O43854,A:314
O43854,A:319
O43854,A:476
O60603,A:30
O60603,A:36
O60603,A:75
O60603,A:226
O60603,A:287
O60603,A:353
O60603,A:382
O60603,A:432
O60603,A:454
O60603,A:537
O60603,A:539
O60603,A:564
O60603,A:585
O60603,A:595
O60603,A:596
O60603,A:640
O60603,A:673
O60603,A:713
O60603,A:750
O75558,A:102
O75558,A:157
O75558,A:275
O75581,A:11
O75581,A:14
O75581,A:102
O75581,A:250
O75581,A:286
O75581,A:293
O75581,A:297
O75581,A:308
O75581,A:310
O75581,A:323
O75581,A:592
O75581,A:599
O75581,A:603
O75581,A:612
O75581,A:614
O75581,A:627
O75581,A:893
O75581,A:900
O75581,A:904
O75581,A:914
O75581,A:916
O75581,A:929
O75581,A:1032
O75581,A:1207
O75581,A:1214
O75581,A:1218
O75581,A:1228
O75581,A:1230
O75581,A:1243
O75581,A:1249
O75581,A:1256
O75581,A:1263
O75581,A:1270
O75581,A:1276
O75581,A:1285
O75581,A:1288
O75581,A:1295
O75581,A:1300
O75581,A:1307
O75581,A:1313
O75581,A:1322
O75581,A:1326
O75581,A:1333
O75581,A:1338
O75581,A:1345
O75581,A:1351
O75581,A:1360
O75581,A:1532
O75581,A:1537
O75581,A:1587
O75581,A:1609
O75608,A:53
O75608,A:144
O75608,A:169
O75608,A:173
O75608,A:211
O94856-5,A:17
O94856-5,A:63
O94856-5,A:118
O94856-5,A:162
O94856-5,A:213
O94856-5,A:268
O94856-5,A:316
O94856-5,A:358
O94856-5,A:408
O94856-5,A:452
O94856-5,A:501
O94856-5,A:543
O94856-5,A:592
O94856-5,A:1017
O94856-5,A:1208
O95477,A:54
O95477,A:75
O95477,A:81
O95477,A:195
O95477,A:215
O95477,A:309
O95477,A:355
O95477,A:504
O95477,A:626
O95477,A:733
O95477,A:749
O95477,A:764
O95477,A:791
O95477,A:860
O95477,A:887
O95477,A:978
O95477,A:1142
O95477,A:1281
O95477,A:1359
O95477,A:1418
O95477,A:1429
O95477,A:1463
O95477,A:1465
O95477,A:1477
O95477,A:1660
O95477,A:1708
O95477,A:1723
O95477,A:1814
O95477,A:1933
O95477,A:1941
O95477,A:1991
O95477,A:2086
O95477,A:2107
O95477,A:2111
O95477,A:2124
P00441,A:58
P00441,A:147
P00533,A:19
P00533,A:31
P00533,A:58
P00533,A:157
P00533,A:187
P00533,A:190
P00533,A:194
P00533,A:199
P00533,A:207
P00533,A:215
P00533,A:219
P00533,A:223
P00533,A:231
P00533,A:232
P00533,A:236
P00533,A:240
P00533,A:248
P00533,A:251
P00533,A:260
P00533,A:264
P00533,A:295
P00533,A:307
P00533,A:311
P00533,A:326
P00533,A:329
P00533,A:333
P00533,A:337
P00533,A:362
P00533,A:470
P00533,A:499
P00533,A:506
P00533,A:510
P00533,A:515
P00533,A:523
P00533,A:526
P00533,A:535
P00533,A:539
P00533,A:555
P00533,A:558
P00533,A:562
P00533,A:571
P00533,A:579
P00533,A:582
P00533,A:591
P00533,A:595
P00533,A:617
P00533,A:620
P00533,A:624
P00533,A:628
P00533,A:636
P00533,A:775
P00533,A:781
P00533,A:818
P00533,A:939
P00533,A:950
P00533,A:1058
P01116,A:51
P01116,A:80
P01116,A:118
P01375,A:145
P01375,A:177
P01730,A:41
P01730,A:109
P01730,A:155
P01730,A:184
P01730,A:328
P01730,A:370
P01730,A:445
P01730,A:447
P01730,A:455
P01732,A:43
P01732,A:54
P01732,A:115
P01732,A:164
P01732,A:181
P01732,A:193
P01732,A:215
P01732,A:217
P01857,A:83
P01857,A:103
P01857,A:109
P01857,A:112
P01857,A:144
P01857,A:204
P01857,A:250
P01857,A:308
P01857,A:336
P01857,A:363
P01889,A:125
P01889,A:188
P01889,A:227
P02730,A:201
P02730,A:317
P02730,A:479
P02730,A:885
P02760,A:14
P02760,A:53
P02760,A:91
P02760,A:188
P02760,A:231
P02760,A:240
P02760,A:256
P02760,A:264
P02760,A:277
P02760,A:281
P02760,A:296
P02760,A:312
P02760,A:320
P02760,A:333
P02760,A:337
P02768,A:58
P02768,A:77
P02768,A:86
P02768,A:99
P02768,A:114
P02768,A:115
P02768,A:125
P02768,A:148
P02768,A:192
P02768,A:193
P02768,A:201
P02768,A:224
P02768,A:269
P02768,A:270
P02768,A:277
P02768,A:289
P02768,A:302
P02768,A:303
P02768,A:313
P02768,A:340
P02768,A:384
P02768,A:385
P02768,A:393
P02768,A:461
P02768,A:462
P02768,A:472
P02768,A:485
P02768,A:500
P02768,A:501
P02768,A:511
P02768,A:538
P02768,A:582
P02768,A:583
P02768,A:591
P02786,A:89
P02786,A:98
P02786,A:353
P02786,A:556
P02786,A:558
P05362,A:92
P05362,A:96
P05362,A:135
P05362,A:186
P05362,A:237
P05362,A:290
P05362,A:332
P05362,A:371
P05362,A:403
P05362,A:419
P05362,A:431
P05388,A:226
P05556,A:16
P05556,A:17
P05556,A:27
P05556,A:35
P05556,A:38
P05556,A:45
P05556,A:48
P05556,A:64
P05556,A:75
P05556,A:207
P05556,A:213
P05556,A:261
P05556,A:301
P05556,A:401
P05556,A:415
P05556,A:435
P05556,A:462
P05556,A:464
P05556,A:466
P05556,A:477
P05556,A:486
P05556,A:489
P05556,A:491
P05556,A:500
P05556,A:502
P05556,A:516
P05556,A:525
P05556,A:531
P05556,A:533
P05556,A:536
P05556,A:538
P05556,A:553
P05556,A:555
P05556,A:560
P05556,A:574
P05556,A:576
P05556,A:579
P05556,A:581
P05556,A:590
P05556,A:592
P05556,A:599
P05556,A:607
P05556,A:613
P05556,A:615
P05556,A:618
P05556,A:620
P05556,A:630
P05556,A:633
P05556,A:636
P05556,A:640
P05556,A:646
P05556,A:649
P05556,A:661
P05556,A:665
P05556,A:691
P05556,A:699
P05556,A:723
P06239,A:20
P06239,A:23
P06239,A:217
P06239,A:224
P06239,A:378
P06239,A:465
P06239,A:476
P06241,A:239
P06241,A:240
P06241,A:246
P06241,A:404
P06241,A:487
P06241,A:491
P06241,A:502
P06734,A:160
P06734,A:163
P06734,A:174
P06734,A:191
P06734,A:259
P06734,A:273
P06734,A:282
P06734,A:288
P07237,A:8
P07237,A:53
P07237,A:56
P07237,A:343
P07237,A:397
P07237,A:400
P07306,A:57
P07306,A:139
P07306,A:153
P07306,A:154
P07306,A:165
P07306,A:182
P07306,A:255
P07306,A:269
P07306,A:277
P07550,A:77
P07550,A:106
P07550,A:116
P07550,A:125
P07550,A:184
P07550,A:190
P07550,A:191
P07550,A:265
P07550,A:285
P07550,A:327
P07550,A:378
P07550,A:406
P07948,A:203
P07948,A:219
P07948,A:226
P07948,A:381
P07948,A:419
P07948,A:468
P07948,A:479
P08100,A:110
P08100,A:140
P08100,A:167
P08100,A:185
P08100,A:187
P08100,A:222
P08100,A:264
P08100,A:316
P08172,A:67
P08172,A:96
P08172,A:124
P08172,A:176
P08172,A:274
P08172,A:337
P08172,A:413
P08172,A:416
P08172,A:429
P08172,A:439
P08172,A:443
P08172,A:457
P08559,A:91
P08559,A:94
P08559,A:100
P08559,A:101
P08559,A:190
P08559,A:218
P08559,A:222
P08559,A:261
P08559,A:273
P08581,A:26
P08581,A:95
P08581,A:98
P08581,A:101
P08581,A:133
P08581,A:141
P08581,A:160
P08581,A:172
P08581,A:175
P08581,A:282
P08581,A:298
P08581,A:363
P08581,A:385
P08581,A:397
P08581,A:409
P08581,A:520
P08581,A:526
P08581,A:529
P08581,A:538
P08581,A:541
P08581,A:545
P08581,A:551
P08581,A:561
P08581,A:584
P08581,A:610
P08581,A:697
P08581,A:709
P08581,A:790
P08581,A:800
P08581,A:801
P08581,A:882
P08581,A:1021
P08581,A:1091
P08581,A:1107
P08581,A:1146
P08581,A:1210
P08581,A:1308
P08581,A:1319
P08581,A:1361
P08588,A:131
P08588,A:141
P08588,A:150
P08588,A:180
P08588,A:209
P08588,A:215
P08588,A:216
P08588,A:238
P08588,A:261
P08588,A:336
P08588,A:378
P08588,A:451
P08588,A:467
P08631-2,A:27
P08631-2,A:213
P08631-2,A:220
P08631-2,A:374
P08631-2,A:461
P08631-2,A:472
P09564,A:35
P09564,A:48
P09564,A:114
P09564,A:142
P09564,A:209
P09564,A:219
P09564,A:230
P0C2W1,A:59
P0C2W1,A:63
P0C2W1,A:69
P0C2W1,A:83
P0C2W1,A:98
P0C2W1,A:119
P0C2W1,A:182
P0C2W1,A:218
P0C2W1,A:261
P10301,A:70
P10301,A:215
P10966,A:41
P10966,A:116
P10966,A:155
P10966,A:168
P11388,A:104
P11388,A:170
P11388,A:216
P11388,A:300
P11388,A:405
P11388,A:427
P11388,A:455
P11388,A:733
P11388,A:862
P11388,A:997
P11388,A:1008
P11388,A:1145
P11586,A:143
P11586,A:147
P11586,A:152
P11586,A:236
P11586,A:326
P11586,A:408
P11586,A:685
P11586,A:691
P11586,A:785
P11586,A:863
P11586,A:918
P11717,A:49
P11717,A:69
P11717,A:77
P11717,A:84
P11717,A:117
P11717,A:134
P11717,A:149
P11717,A:161
P11717,A:174
P11717,A:212
P11717,A:228
P11717,A:235
P11717,A:275
P11717,A:288
P11717,A:306
P11717,A:318
P11717,A:328
P11717,A:366
P11717,A:374
P11717,A:382
P11717,A:420
P11717,A:434
P11717,A:454
P11717,A:466
P11717,A:475
P11717,A:519
P11717,A:531
P11717,A:538
P11717,A:572
P11717,A:586
P11717,A:605
P11717,A:617
P11717,A:627
P11717,A:664
P11717,A:672
P11717,A:679
P11717,A:760
P11717,A:767
P11717,A:814
P11717,A:823
P11717,A:830
P11717,A:875
P11717,A:893
P11717,A:910
P11717,A:922
P11717,A:934
P11717,A:970
P11717,A:976
P11717,A:987
P11717,A:1042
P11717,A:1077
P11717,A:1084
P11717,A:1125
P11717,A:1134
P11717,A:1142
P11717,A:1177
P11717,A:1190
P11717,A:1205
P11717,A:1217
P11717,A:1227
P11717,A:1262
P11717,A:1270
P11717,A:1282
P11717,A:1319
P11717,A:1333
P11717,A:1349
P11717,A:1361
P11717,A:1369
P11717,A:1420
P11717,A:1427
P11717,A:1461
P11717,A:1476
P11717,A:1494
P11717,A:1506
P11717,A:1516
P11717,A:1553
P11717,A:1559
P11717,A:1566
P11717,A:1598
P11717,A:1614
P11717,A:1634
P11717,A:1646
P11717,A:1652
P11717,A:1695
P11717,A:1706
P11717,A:1713
P11717,A:1750
P11717,A:1766
P11717,A:1783
P11717,A:1795
P11717,A:1804
P11717,A:1839
P11717,A:1850
P11717,A:1856
P11717,A:1893
P11717,A:1903
P11717,A:1917
P11717,A:1927
P11717,A:1942
P11717,A:1957
P11717,A:1975
P11717,A:1987
P11717,A:1994
P11717,A:2029
P11717,A:2039
P11717,A:2046
P11717,A:2082
P11717,A:2096
P11717,A:2113
P11717,A:2125
P11717,A:2188
P11717,A:2194
P11717,A:2232
P11717,A:2248
P11717,A:2266
P11717,A:2278
P11717,A:2319
P11717,A:2320
P11801,A:62
P11801,A:140
P11801,A:252
P11801,A:258
P11801,A:383
P11940,A:43
P11940,A:128
P11940,A:132
P12004,A:27
P12004,A:62
P12004,A:81
P12004,A:135
P12004,A:148
P12318,A:12
P12318,A:62
P12318,A:104
P12318,A:143
P12318,A:187
P13569,A:76
P13569,A:128
P13569,A:225
P13569,A:276
P13569,A:343
P13569,A:491
P13569,A:590
P13569,A:592
P13569,A:647
P13569,A:832
P13569,A:866
P13569,A:1344
P13569,A:1355
P13569,A:1400
P13569,A:1410
P13569,A:1458
P13639,A:67
P13639,A:131
P13639,A:136
P13639,A:388
P13639,A:536
P13639,A:557
P13639,A:812
P13726,A:81
P13726,A:89
P13726,A:218
P13726,A:241
P14416,A:56
P14416,A:107
P14416,A:118
P14416,A:126
P14416,A:168
P14416,A:182
P14416,A:244
P14416,A:253
P14416,A:385
P14416,A:399
P14416,A:401
P15153,A:6
P15153,A:18
P15153,A:81
P15153,A:105
P15153,A:157
P15153,A:178
P16109,A:4
P16109,A:25
P16109,A:60
P16109,A:131
P16109,A:150
P16109,A:158
P16109,A:163
P16109,A:168
P16109,A:174
P16109,A:183
P16109,A:185
P16109,A:194
P16109,A:200
P16109,A:213
P16109,A:226
P16109,A:230
P16109,A:244
P16109,A:257
P16109,A:262
P16109,A:275
P16109,A:288
P16109,A:292
P16109,A:306
P16109,A:319
P16109,A:324
P16109,A:337
P16109,A:350
P16109,A:354
P16109,A:368
P16109,A:381
P16109,A:386
P16109,A:399
P16109,A:412
P16109,A:416
P16109,A:430
P16109,A:443
P16109,A:448
P16109,A:461
P16109,A:474
P16109,A:478
P16109,A:492
P16109,A:505
P16109,A:510
P16109,A:523
P16109,A:536
P16109,A:540
P16109,A:554
P16109,A:567
P16109,A:572
P16109,A:585
P16109,A:598
P16109,A:602
P16109,A:616
P16109,A:629
P16109,A:642
P16109,A:655
P16109,A:668
P16109,A:672
P16109,A:686
P16109,A:699
P16109,A:704
P16109,A:717
P16109,A:730
P16109,A:734
P16109,A:748
P16109,A:761
P16284,A:22
P16284,A:57
P16284,A:109
P16284,A:152
P16284,A:206
P16284,A:256
P16284,A:304
P16284,A:347
P16284,A:386
P16284,A:405
P16284,A:431
P16284,A:476
P16284,A:481
P16284,A:523
P16284,A:572
P16615,A:70
P16615,A:268
P16615,A:318
P16615,A:364
P16615,A:377
P16615,A:404
P16615,A:417
P16615,A:420
P16615,A:524
P16615,A:560
P16615,A:595
P16615,A:613
P16615,A:635
P16615,A:669
P16615,A:674
P16615,A:773
P16615,A:841
P16615,A:887
P16615,A:909
P16615,A:937
P16615,A:1005
P16615,A:1010
P17181,A:79
P17181,A:87
P17181,A:199
P17181,A:220
P17181,A:283
P17181,A:291
P17181,A:403
P17181,A:426
P17181,A:444
P17181,A:502
P17987,A:125
P17987,A:218
P17987,A:296
P17987,A:385
P17987,A:397
P21333,A:53
P21333,A:59
P21333,A:210
P21333,A:574
P21333,A:623
P21333,A:631
P21333,A:649
P21333,A:733
P21333,A:796
P21333,A:810
P21333,A:1108
P21333,A:1114
P21333,A:1122
P21333,A:1185
P21333,A:1198
P21333,A:1225
P21333,A:1353
P21333,A:1402
P21333,A:1410
P21333,A:1453
P21333,A:1645
P21333,A:1686
P21333,A:1689
P21333,A:1723
P21333,A:1865
P21333,A:1912
P21333,A:1920
P21333,A:2102
P21333,A:2107
P21333,A:2160
P21333,A:2199
P21333,A:2293
P21333,A:2476
P21333,A:2479
P21333,A:2601
P21554,A:98
P21554,A:107
P21554,A:139
P21554,A:149
P21554,A:238
P21554,A:257
P21554,A:264
P21554,A:355
P21554,A:382
P21554,A:386
P21554,A:431
P21554,A:449
P21731-2,A:11
P21731-2,A:35
P21731-2,A:68
P21731-2,A:102
P21731-2,A:105
P21731-2,A:183
P21731-2,A:223
P21731-2,A:257
P21796,A:127
P21917,A:56
P21917,A:108
P21917,A:119
P21917,A:127
P21917,A:172
P21917,A:185
P21917,A:199
P21917,A:205
P21917,A:258
P21917,A:262
P21917,A:274
P21917,A:278
P21917,A:290
P21917,A:294
P21917,A:306
P21917,A:310
P21917,A:358
P21917,A:372
P21917,A:375
P21917,A:418
P21917,A:419
P21926,A:78
P21926,A:79
P21926,A:87
P21926,A:181
P22102,A:41
P22102,A:62
P22102,A:93
P22102,A:134
P22102,A:168
P22102,A:200
P22102,A:202
P22102,A:237
P22102,A:291
P22102,A:322
P22102,A:466
P22102,A:506
P22102,A:520
P22102,A:540
P22102,A:559
P22102,A:564
P22102,A:646
P22102,A:733
P22102,A:891
P22102,A:941
P22102,A:1005
P22314,A:23
P22314,A:179
P22314,A:200
P22314,A:234
P22314,A:340
P22314,A:413
P22314,A:431
P22314,A:444
P22314,A:494
P22314,A:588
P22314,A:706
P22314,A:711
P22314,A:748
P22314,A:906
P22314,A:1039
P22314,A:1040
P22695,A:125
P22695,A:391
P22888,A:30
P22888,A:34
P22888,A:36
P22888,A:44
P22888,A:131
P22888,A:156
P22888,A:279
P22888,A:280
P22888,A:304
P22888,A:336
P22888,A:343
P22888,A:353
P22888,A:399
P22888,A:407
P22888,A:439
P22888,A:514
P22888,A:543
P22888,A:545
P22888,A:581
P22888,A:617
P22888,A:663
P22888,A:685
P22888,A:699
P23229,A:8
P23229,A:86
P23229,A:94
P23229,A:131
P23229,A:154
P23229,A:175
P23229,A:188
P23229,A:528
P23229,A:535
P23229,A:541
P23229,A:601
P23229,A:665
P23229,A:671
P23229,A:682
P23229,A:765
P23229,A:776
P23229,A:920
P23229,A:967
P23229,A:973
P23229,A:978
P23945,A:18
P23945,A:23
P23945,A:25
P23945,A:32
P23945,A:188
P23945,A:275
P23945,A:276
P23945,A:292
P23945,A:338
P23945,A:346
P23945,A:356
P23945,A:402
P23945,A:410
P23945,A:442
P23945,A:479
P23945,A:517
P23945,A:546
P23945,A:548
P23945,A:584
P23945,A:620
P24530,A:90
P24530,A:109
P24530,A:131
P24530,A:174
P24530,A:193
P24530,A:255
P24530,A:283
P24530,A:298
P24530,A:327
P24530,A:335
P24530,A:358
P24530,A:380
P24530,A:396
P24530,A:420
P25445,A:59
P25445,A:63
P25445,A:73
P25445,A:82
P25445,A:85
P25445,A:101
P25445,A:104
P25445,A:107
P25445,A:119
P25445,A:127
P25445,A:129
P25445,A:135
P25445,A:140
P25445,A:143
P25445,A:146
P25445,A:149
P25445,A:157
P25445,A:165
P25445,A:304
P26006,A:17
P26006,A:28
P26006,A:103
P26006,A:140
P26006,A:162
P26006,A:185
P26006,A:197
P26006,A:485
P26006,A:490
P26006,A:496
P26006,A:550
P26006,A:615
P26006,A:621
P26006,A:694
P26006,A:702
P26006,A:846
P26006,A:911
P26006,A:916
P27701-2,A:124
P27701-2,A:125
P27701-2,A:149
P27701-2,A:151
P27701-2,A:168
P27701-2,A:191
P27708,A:73
P27708,A:91
P27708,A:92
P27708,A:183
P27708,A:192
P27708,A:194
P27708,A:252
P27708,A:280
P27708,A:288
P27708,A:379
P27708,A:484
P27708,A:612
P27708,A:616
P27708,A:665
P27708,A:736
P27708,A:758
P27708,A:787
P27708,A:868
P27708,A:897
P27708,A:954
P27708,A:958
P27708,A:986
P27708,A:1032
P27708,A:1078
P27708,A:1085
P27708,A:1215
P27708,A:1296
P27708,A:1374
P27708,A:1432
P27708,A:1455
P27708,A:1501
P27708,A:1529
P27708,A:1682
P27708,A:1696
P27708,A:1889
P27708,A:2016
P27708,A:2038
P27708,A:2092
P27708,A:2161
P28347,A:296
P28347,A:322
P28347,A:402
P28347,A:405
P28907,A:4
P28907,A:25
P28907,A:67
P28907,A:82
P28907,A:99
P28907,A:119
P28907,A:160
P28907,A:173
P28907,A:180
P28907,A:201
P28907,A:254
P28907,A:275
P28907,A:287
P28907,A:296
P29474,A:94
P29474,A:99
P29474,A:184
P29474,A:201
P29474,A:212
P29474,A:235
P29474,A:274
P29474,A:368
P29474,A:382
P29474,A:441
P29474,A:552
P29474,A:618
P29474,A:648
P29474,A:661
P29474,A:689
P29474,A:707
P29474,A:711
P29474,A:802
P29474,A:853
P29474,A:908
P29474,A:976
P29474,A:991
P29474,A:1048
P29474,A:1050
P29474,A:1105
P29474,A:1114
P30084,A:10
P30084,A:21
P30084,A:62
P30084,A:111
P30084,A:143
P30084,A:149
P30084,A:225
P30518,A:82
P30518,A:112
P30518,A:142
P30518,A:192
P30518,A:195
P30518,A:224
P30518,A:283
P30518,A:319
P30518,A:358
P30679,A:147
P30679,A:196
P30679,A:222
P30679,A:241
P30679,A:323
P30679,A:345
P30989,A:141
P30989,A:151
P30989,A:171
P30989,A:224
P30989,A:277
P30989,A:315
P30989,A:327
P31040,A:89
P31040,A:189
P31040,A:190
P31040,A:191
P31040,A:231
P31040,A:287
P31040,A:357
P31040,A:443
P31040,A:467
P31040,A:475
P31040,A:574
P31939,A:101
P31939,A:146
P31939,A:241
P31939,A:325
P31939,A:363
P31939,A:434
P31939,A:454
P31939,A:575
P32241,A:50
P32241,A:63
P32241,A:72
P32241,A:86
P32241,A:105
P32241,A:122
P32241,A:172
P32241,A:208
P32241,A:215
P32241,A:225
P32241,A:285
P32241,A:314
P32241,A:389
P32241,A:430
P32456,A:82
P32456,A:223
P32456,A:233
P32456,A:268
P32456,A:309
P32456,A:394
P32456,A:404
P32456,A:405
P33316,A:5
P33316,A:11
P33316,A:67
P33316,A:222
P34897,A:16
P34897,A:68
P34897,A:80
P34897,A:119
P34897,A:241
P34897,A:343
P34897,A:412
P34932,A:13
P34932,A:34
P34932,A:38
P34932,A:140
P34932,A:146
P34932,A:167
P34932,A:213
P34932,A:245
P34932,A:270
P34932,A:290
P34932,A:310
P34932,A:376
P34932,A:380
P34932,A:779
P34981,A:36
P34981,A:62
P34981,A:98
P34981,A:100
P34981,A:114
P34981,A:128
P34981,A:137
P34981,A:157
P34981,A:179
P34981,A:253
P34981,A:305
P34981,A:308
P34981,A:388
P35070,A:7
P35070,A:28
P35070,A:46
P35070,A:53
P35070,A:69
P35070,A:77
P35070,A:82
P35070,A:93
P35070,A:95
P35070,A:104
P35070,A:123
P35221,A:116
P35221,A:228
P35221,A:324
P35221,A:337
P35221,A:438
P35221,A:526
P35221,A:767
P35221,A:772
P35221,A:787
P35221,A:793
P35613,A:44
P35613,A:67
P35613,A:108
P35613,A:157
P35613,A:203
P35613,A:301
P40222,A:87
P40222,A:193
P40222,A:245
P40222,A:373
P40222,A:471
P40925,A:60
P40925,A:251
P41091,A:96
P41091,A:101
P41091,A:135
P41091,A:165
P41091,A:236
P41091,A:311
P41091,A:348
P42261,A:9
P42261,A:75
P42261,A:101
P42261,A:107
P42261,A:204
P42261,A:323
P42261,A:439
P42261,A:542
P42261,A:732
P42261,A:787
P42261,A:843
P42261,A:892
P42892,A:83
P42892,A:99
P42892,A:104
P42892,A:122
P42892,A:130
P42892,A:185
P42892,A:388
P42892,A:428
P42892,A:644
P42892,A:715
P42892,A:755
P42892,A:767
P43119,A:5
P43119,A:92
P43119,A:118
P43119,A:135
P43119,A:147
P43119,A:151
P43119,A:165
P43119,A:170
P43119,A:202
P43119,A:211
P43119,A:251
P43119,A:259
P43119,A:309
P43119,A:346
P43119,A:386
P43220,A:46
P43220,A:62
P43220,A:71
P43220,A:85
P43220,A:104
P43220,A:126
P43220,A:174
P43220,A:226
P43220,A:236
P43220,A:296
P43220,A:329
P43220,A:341
P43220,A:347
P43220,A:403
P43220,A:458
P43220,A:462
P43353,A:134
P43353,A:162
P43353,A:217
P43353,A:223
P43353,A:244
P43353,A:252
P43353,A:300
P43353,A:387
P43353,A:428
P45844,A:3
P45844,A:160
P45844,A:209
P45844,A:252
P45844,A:271
P45844,A:295
P45844,A:302
P45844,A:349
P45844,A:401
P45844,A:518
P45844,A:623
P45844,A:629
P45880,A:47
P45880,A:76
P45880,A:103
P45880,A:133
P45880,A:138
P45880,A:227
P48509,A:25
P48509,A:26
P48509,A:155
P48509,A:156
P48509,A:208
P48509,A:232
P48643,A:181
P48643,A:377
P48643,A:407
P48643,A:429
P48643,A:440
P48643,A:493
P48745,A:10
P48745,A:15
P48745,A:17
P48745,A:35
P48745,A:39
P48745,A:43
P48745,A:50
P48745,A:61
P48745,A:63
P48745,A:64
P48745,A:67
P48745,A:75
P48745,A:81
P48745,A:89
P48745,A:102
P48745,A:110
P48745,A:127
P48745,A:131
P48745,A:133
P48745,A:140
P48745,A:144
P48745,A:155
P48745,A:167
P48745,A:168
P48745,A:173
P48745,A:206
P48745,A:216
P48745,A:220
P48745,A:235
P48745,A:249
P48745,A:264
P48745,A:281
P48745,A:292
P48745,A:295
P48745,A:300
P48745,A:301
P48745,A:315
P48745,A:331
P48745,A:333
P48745,A:337
P48960,A:10
P48960,A:26
P48960,A:30
P48960,A:36
P48960,A:42
P48960,A:44
P48960,A:62
P48960,A:68
P48960,A:82
P48960,A:91
P48960,A:93
P48960,A:114
P48960,A:120
P48960,A:127
P48960,A:133
P48960,A:142
P48960,A:144
P48960,A:158
P48960,A:164
P48960,A:171
P48960,A:177
P48960,A:186
P48960,A:188
P48960,A:207
P48960,A:213
P48960,A:220
P48960,A:226
P48960,A:235
P48960,A:237
P48960,A:256
P48960,A:495
P48960,A:513
P48960,A:525
P48960,A:527
P48960,A:561
P48960,A:565
P48960,A:587
P48960,A:589
P48960,A:612
P48960,A:622
P48960,A:628
P48960,A:656
P48960,A:684
P48960,A:706
P48960,A:751
P48960,A:776
P48960,A:787
P49207,A:86
P49327,A:135
P49327,A:161
P49327,A:180
P49327,A:212
P49327,A:223
P49327,A:313
P49327,A:496
P49327,A:569
P49327,A:587
P49327,A:593
P49327,A:609
P49327,A:630
P49327,A:779
P49327,A:1118
P49327,A:1127
P49327,A:1186
P49327,A:1227
P49327,A:1315
P49327,A:1317
P49327,A:1403
P49327,A:1448
P49327,A:1459
P49327,A:1471
P49327,A:1548
P49327,A:1558
P49327,A:1564
P49327,A:1693
P49327,A:1759
P49327,A:1828
P49327,A:1881
P49327,A:1992
P49327,A:2010
P49327,A:2024
P49327,A:2045
P49327,A:2091
P49327,A:2202
P49327,A:2273
P49327,A:2292
P49327,A:2312
P49327,A:2318
P49327,A:2359
P49327,A:2369
P49327,A:2468
P49368,A:40
P49368,A:173
P49368,A:213
P49368,A:279
P49368,A:327
P49368,A:366
P49368,A:372
P49368,A:475
P49795,A:73
P49795,A:76
P49795,A:123
P49802,A:120
P49802,A:206
P49802,A:480
P49802,A:484
P49961,A:84
P49961,A:108
P49961,A:255
P49961,A:282
P49961,A:301
P49961,A:325
P49961,A:338
P49961,A:343
P49961,A:390
P49961,A:413
P50281,A:10
P50281,A:93
P50281,A:127
P50281,A:319
P50281,A:508
P50897,A:19
P50897,A:45
P50897,A:46
P50897,A:96
P50897,A:128
P50897,A:152
P50897,A:160
P51157,A:31
P51157,A:148
P51157,A:169
P51636,A:72
P51636,A:109
P51681,A:20
P51681,A:58
P51681,A:101
P51681,A:178
P51681,A:213
P51681,A:224
P51681,A:269
P51681,A:290
P51681,A:291
P53396,A:122
P53396,A:293
P53396,A:728
P53396,A:742
P53396,A:744
P53396,A:748
P53396,A:764
P53396,A:845
P53396,A:887
P53396,A:893
P53396,A:913
P53396,A:1040
P53582,A:9
P53582,A:14
P53582,A:22
P53582,A:25
P53582,A:36
P53582,A:40
P53582,A:143
P53582,A:174
P53582,A:179
P53582,A:193
P53582,A:194
P53582,A:202
P53582,A:255
P53582,A:292
P53582,A:331
P54868,A:194
P54868,A:261
P54868,A:269
P54868,A:454
P55060,A:61
P55060,A:85
P55060,A:195
P55060,A:272
P55060,A:325
P55060,A:344
P55060,A:387
P55060,A:394
P55060,A:623
P55060,A:630
P55060,A:798
P55060,A:842
P55060,A:939
P55072,A:69
P55072,A:77
P55072,A:174
P55072,A:184
P55072,A:695
P55209,A:88
P55209,A:132
P55209,A:255
P55209,A:258
P56704,A:11
P56704,A:42
P56704,A:56
P56704,A:88
P56704,A:128
P56704,A:136
P56704,A:138
P56704,A:155
P56704,A:203
P56704,A:205
P56704,A:212
P56704,A:217
P56704,A:281
P56704,A:297
P56704,A:307
P56704,A:311
P56704,A:312
P56704,A:327
P56704,A:329
P56704,A:334
P56704,A:335
P56704,A:339
P56704,A:342
P56704,A:351
P57729,A:129
P57729,A:147
P57729,A:172
P57729,A:182
P57729,A:205
P60033,A:175
P60033,A:190
P60174,A:42
P60174,A:67
P60174,A:87
P60174,A:127
P60174,A:218
P60891,A:41
P60891,A:60
P60891,A:77
P60891,A:226
P60891,A:230
P60891,A:265
P60891,A:284
P60900,A:78
P60900,A:115
P60900,A:136
P60900,A:137
P60900,A:154
P60900,A:161
P60900,A:201
P60953,A:6
P60953,A:18
P60953,A:81
P60953,A:105
P60953,A:157
P61224,A:51
P61224,A:118
P61224,A:141
P61247,A:111
P61952,A:36
P62070,A:55
P62070,A:183
P62070,A:199
P62249,A:127
P62318,A:41
P62753,A:83
P62753,A:100
P62834,A:48
P62834,A:51
P62834,A:118
P62834,A:139
P62834,A:141
P62873,A:103
P62873,A:114
P62873,A:121
P62873,A:149
P62873,A:166
P62873,A:218
P62873,A:233
P62873,A:250
P62873,A:271
P62873,A:294
P62873,A:317
P62917,A:90
P62917,A:195
P62937,A:52
P63261,A:217
P63261,A:257
P63261,A:272
P63261,A:285
P63261,A:374
P78310,A:6
P78310,A:11
P78310,A:120
P78310,A:162
P78310,A:212
P78371,A:346
P78371,A:371
P78371,A:412
P78371,A:535
P78380,A:140
P78380,A:144
P78380,A:155
P78380,A:172
P78380,A:243
P78380,A:256
P78380,A:264
P78536,A:184
P78536,A:225
P78536,A:333
P78536,A:365
P78536,A:423
P78536,A:453
P78536,A:469
P78536,A:478
P78536,A:489
P78536,A:501
P78536,A:502
P78536,A:506
P78536,A:514
P78536,A:521
P78536,A:522
P78536,A:534
P78536,A:542
P78536,A:548
P78536,A:555
P78536,A:567
P78536,A:573
P78536,A:578
P78536,A:582
P78536,A:591
P78536,A:593
P78536,A:600
P78536,A:603
P78536,A:604
P78536,A:611
P78536,A:630
P78536,A:635
P78536,A:641
P78536,A:693
P78536,A:824
P84074,A:38
Q00013,A:94
Q00013,A:179
Q00013,A:454
Q01453,A:42
Q01453,A:53
Q01453,A:109
Q01518,A:229
Q01518,A:236
Q01518,A:247
Q01518,A:356
Q01518,A:375
Q01518,A:416
Q01518,A:427
Q01726,A:35
Q01726,A:75
Q01726,A:78
Q01726,A:79
Q01726,A:125
Q01726,A:133
Q01726,A:191
Q01726,A:215
Q01726,A:253
Q01726,A:267
Q01726,A:273
Q01726,A:275
Q01726,A:289
Q02156,A:13
Q02156,A:74
Q02156,A:98
Q02156,A:183
Q02156,A:186
Q02156,A:201
Q02156,A:204
Q02156,A:206
Q02156,A:212
Q02156,A:220
Q02156,A:256
Q02156,A:259
Q02156,A:273
Q02156,A:284
Q02156,A:292
Q02156,A:352
Q02156,A:452
Q02156,A:475
Q02156,A:546
Q02156,A:554
Q02156,A:568
Q02156,A:652
Q02790,A:103
Q02790,A:107
Q02790,A:328
Q02790,A:396
Q06210,A:55
Q06210,A:254
Q06210,A:264
Q06210,A:384
Q06210,A:392
Q06210,A:435
Q06210,A:454
Q06210,A:478
Q06210,A:511
Q06210,A:570
Q06210,A:620
Q06210,A:638
Q06210,A:661
Q07812,A:62
Q07955,A:16
Q09470,A:35
Q09470,A:36
Q09470,A:185
Q09470,A:228
Q09470,A:392
Q09470,A:478
Q09470,A:485
Q10471,A:10
Q10471,A:126
Q10471,A:227
Q10471,A:229
Q10471,A:345
Q10471,A:354
Q10471,A:423
Q10471,A:456
Q10471,A:473
Q10471,A:496
Q10471,A:513
Q10471,A:555
Q10567,A:57
Q10567,A:112
Q10567,A:123
Q10567,A:129
Q10567,A:144
Q10567,A:214
Q10567,A:225
Q10567,A:241
Q10567,A:380
Q10567,A:391
Q10567,A:433
Q10567,A:565
Q10567,A:866
Q10567,A:921
Q10567,A:930
Q13286,A:4
Q13286,A:47
Q13286,A:92
Q13286,A:134
Q13286,A:153
Q13286,A:339
Q13286,A:340
Q13286,A:353
Q13286,A:413
Q13443,A:114
Q13443,A:133
Q13443,A:175
Q13443,A:322
Q13443,A:363
Q13443,A:365
Q13443,A:370
Q13443,A:385
Q13443,A:401
Q13443,A:417
Q13443,A:436
Q13443,A:441
Q13443,A:442
Q13443,A:447
Q13443,A:455
Q13443,A:460
Q13443,A:461
Q13443,A:464
Q13443,A:473
Q13443,A:480
Q13443,A:486
Q13443,A:493
Q13443,A:505
Q13443,A:512
Q13443,A:517
Q13443,A:524
Q13443,A:539
Q13443,A:553
Q13443,A:563
Q13443,A:570
Q13443,A:575
Q13443,A:600
Q13443,A:623
Q13443,A:629
Q13443,A:634
Q13443,A:644
Q13443,A:650
Q13443,A:656
Q13443,A:662
Q13443,A:664
Q13443,A:673
Q13443,A:712
Q13639,A:45
Q13639,A:93
Q13639,A:112
Q13639,A:113
Q13639,A:123
Q13639,A:124
Q13639,A:145
Q13639,A:184
Q13639,A:196
Q13639,A:262
Q13639,A:267
Q13639,A:269
Q13639,A:271
Q13639,A:346
Q13639,A:364
Q13639,A:372
Q14156,A:88
Q14156,A:151
Q14156,A:237
Q14156,A:276
Q14156,A:516
Q14156,A:538
Q14156,A:595
Q14156,A:618
Q14156,A:645
Q14156,A:767
Q14156,A:819
Q14181,A:19
Q14181,A:31
Q14181,A:49
Q14181,A:82
Q14181,A:198
Q14181,A:222
Q14181,A:259
Q14181,A:346
Q14181,A:375
Q14181,A:392
Q14181,A:405
Q14181,A:460
Q14181,A:590
Q14344,A:37
Q14344,A:236
Q14344,A:329
Q14623,A:13
Q14623,A:107
Q14623,A:188
Q14623,A:203
Q14623,A:347
Q15233,A:208
Q15562,A:63
Q15562,A:258
Q15562,A:343
Q15562,A:423
Q16518,A:45
Q16518,A:146
Q16518,A:169
Q16518,A:195
Q16518,A:278
Q16518,A:396
Q16518,A:427
Q16518,A:448
Q16549,A:20
Q16549,A:232
Q16549,A:245
Q16549,A:286
Q16549,A:337
Q16549,A:367
Q16549,A:398
Q16549,A:425
Q16549,A:548
Q16549,A:726
Q16549,A:769
Q16549,A:785
Q16658,A:19
Q16658,A:61
Q16658,A:80
Q16658,A:89
Q16658,A:121
Q16658,A:226
Q16658,A:305
Q16658,A:334
Q16658,A:397
Q16658,A:456
Q16827,A:186
Q16827,A:407
Q16827,A:472
Q16827,A:486
Q16827,A:620
Q16827,A:621
Q16827,A:756
Q16827,A:791
Q16827,A:855
Q16827,A:890
Q16827,A:964
Q16827,A:1039
Q16827,A:1047
Q16827,A:1078
Q16827,A:1136
Q16827,A:1191
Q16827,A:1204
Q3ZCQ8,A:23
Q3ZCQ8,A:133
Q3ZCQ8,A:236
Q562R1,A:18
Q562R1,A:53
Q562R1,A:218
Q562R1,A:258
Q562R1,A:375
Q5VW32,A:33
Q5VW32,A:52
Q5VW32,A:187
Q5VW32,A:247
Q5VW32,A:255
Q5VW32,A:267
Q5VW32,A:288
Q5VW32,A:323
Q68D91,A:176
Q6MZT1,A:53
Q6MZT1,A:81
Q6MZT1,A:96
Q6MZT1,A:130
Q6MZT1,A:131
Q6MZT1,A:144
Q6MZT1,A:167
Q6PCE3,A:62
Q6PCE3,A:63
Q6PCE3,A:81
Q6PCE3,A:102
Q6PCE3,A:125
Q6PCE3,A:205
Q6PCE3,A:209
Q6PCE3,A:236
Q6PCE3,A:247
Q6PCE3,A:303
Q6PCE3,A:348
Q6PCE3,A:368
Q6PCE3,A:494
Q6PCE3,A:520
Q6PCE3,A:563
Q6PCE3,A:583
Q6UWV2,A:12
Q6UWV2,A:52
Q6UWV2,A:128
Q6UWV2,A:220
Q6UWV2,A:223
Q6UWV2,A:226
Q71U36,A:4
Q71U36,A:20
Q71U36,A:25
Q71U36,A:129
Q71U36,A:200
Q71U36,A:213
Q71U36,A:295
Q71U36,A:347
Q7KZF4,A:31
Q7KZF4,A:152
Q7KZF4,A:228
Q7KZF4,A:268
Q7KZF4,A:296
Q7KZF4,A:440
Q7KZF4,A:549
Q7KZF4,A:560
Q7KZF4,A:826
Q7KZF4,A:837
Q7L0Q8,A:14
Q7L0Q8,A:52
Q7L0Q8,A:102
Q7L0Q8,A:117
Q7L0Q8,A:127
Q7L0Q8,A:149
Q7L0Q8,A:151
Q7L0Q8,A:178
Q7L0Q8,A:191
Q7L0Q8,A:203
Q7L9B9,A:28
Q7L9B9,A:99
Q7L9B9,A:271
Q7L9B9,A:286
Q7L9B9,A:312
Q7L9B9,A:332
Q7L9B9,A:532
Q7Z5G4,A:24
Q7Z5G4,A:81
Q86W47,A:38
Q86W47,A:54
Q86W47,A:68
Q86W47,A:72
Q86W47,A:76
Q86W47,A:84
Q86W47,A:113
Q86W47,A:119
Q86W47,A:148
Q86W47,A:173
Q86WA9,A:88
Q86WA9,A:132
Q86WA9,A:208
Q86WA9,A:376
Q86WA9,A:439
Q86WA9,A:445
Q86WA9,A:513
Q86WA9,A:518
Q86WA9,A:522
Q8IWE4,A:44
Q8IWE4,A:66
Q8IWE4,A:115
Q8IWE4,A:119
Q8IWE4,A:140
Q8IWE4,A:151
Q8IWE4,A:163
Q8IWE4,A:299
Q8IYC8,A:216
Q8IYC8,A:278
Q8IYC8,A:330
Q8IYC8,A:380
Q8IYC8,A:420
Q8IYC8,A:443
Q8IYC8,A:466
Q8IZ81,A:29
Q8IZ81,A:246
Q8IZ81,A:285
Q8IZJ1,A:18
Q8IZJ1,A:69
Q8IZJ1,A:81
Q8IZJ1,A:128
Q8IZJ1,A:130
Q8IZJ1,A:174
Q8IZJ1,A:225
Q8IZJ1,A:258
Q8IZJ1,A:262
Q8IZJ1,A:273
Q8IZJ1,A:285
Q8IZJ1,A:295
Q8IZJ1,A:299
Q8IZJ1,A:314
Q8IZJ1,A:318
Q8IZJ1,A:326
Q8IZJ1,A:338
Q8IZJ1,A:348
Q8IZJ1,A:353
Q8IZJ1,A:551
Q8IZJ1,A:607
Q8IZJ1,A:615
Q8IZJ1,A:625
Q8IZJ1,A:661
Q8IZJ1,A:663
Q8IZJ1,A:670
Q8IZJ1,A:705
Q8IZJ1,A:716
Q8IZJ1,A:792
Q8IZJ1,A:808
Q8IZJ1,A:811
Q8IZJ1,A:840
Q8IZJ1,A:867
Q8IZJ1,A:945
Q8N4C7,A:162
Q8N4C7,A:280
Q8N9I9,A:11
Q8N9I9,A:15
Q8N9I9,A:105
Q8N9I9,A:164
Q8N9I9,A:167
Q8N9I9,A:180
Q8N9I9,A:185
Q8N9I9,A:188
Q8N9I9,A:199
Q8N9I9,A:202
Q8N9I9,A:317
Q8NCR0,A:9
Q8NCR0,A:11
Q8NCR0,A:99
Q8NCR0,A:112
Q8NCR0,A:198
Q8NCR0,A:359
Q8NCR0,A:412
Q8NCR0,A:462
Q8NCR0,A:466
Q8NCR0,A:491
Q8NCR0,A:495
Q8NCR0,A:497
Q8NHU3,A:160
Q8NHU3,A:171
Q8NHU3,A:188
Q8NHU3,A:221
Q8NHU3,A:255
Q8NHU3,A:265
Q8TB61,A:115
Q8TB61,A:171
Q8TB61,A:174
Q8TB61,A:199
Q8TB61,A:311
Q8TB61,A:347
Q8TB61,A:350
Q8TB61,A:383
Q8TDD5,A:11
Q8TDD5,A:20
Q8TDD5,A:50
Q8TDD5,A:159
Q8TDD5,A:185
Q8TDD5,A:238
Q8TDD5,A:269
Q8TDD5,A:296
Q8TDD5,A:303
Q8TDD5,A:373
Q8TDD5,A:416
Q8TDD5,A:417
Q8TDD5,A:418
Q8TDD5,A:427
Q8TDD5,A:429
Q8TDD5,A:450
Q8TDD5,A:528
Q92542,A:24
Q92542,A:31
Q92542,A:50
Q92542,A:62
Q92542,A:140
Q92542,A:159
Q92542,A:195
Q92542,A:213
Q92542,A:230
Q92542,A:248
Q92542,A:586
Q92542,A:620
Q92692,A:54
Q92692,A:140
Q92692,A:238
Q92692,A:283
Q92692,A:329
Q92692,A:382
Q92692,A:446
Q92901,A:114
Q92901,A:134
Q92901,A:157
Q92901,A:264
Q92901,A:336
Q93050,A:24
Q93050,A:58
Q93050,A:191
Q93050,A:237
Q93050,A:247
Q93050,A:310
Q93050,A:318
Q93050,A:325
Q93050,A:467
Q93050,A:637
Q93050,A:646
Q93050,A:728
Q93050,A:731
Q93084,A:268
Q93084,A:318
Q93084,A:344
Q93084,A:349
Q93084,A:364
Q93084,A:377
Q93084,A:404
Q93084,A:417
Q93084,A:420
Q93084,A:447
Q93084,A:471
Q93084,A:498
Q93084,A:561
Q93084,A:581
Q93084,A:596
Q93084,A:610
Q93084,A:614
Q93084,A:636
Q93084,A:670
Q93084,A:675
Q93084,A:774
Q93084,A:876
Q93084,A:888
Q93084,A:910
Q96B33,A:16
Q96B33,A:63
Q96B33,A:104
Q96B33,A:168
Q96B33,A:185
Q96B33,A:189
Q96B33,A:277
Q96B33,A:282
Q96B33,A:288
Q96BI3,A:9
Q96DX4,A:44
Q96DX4,A:46
Q96DX4,A:167
Q96DX4,A:190
Q96DX4,A:233
Q96DX4,A:292
Q96DX4,A:342
Q96DX4,A:352
Q96DX4,A:355
Q96DX4,A:399
Q96DX4,A:404
Q96DX4,A:421
Q96DX4,A:474
Q96DX4,A:526
Q96DX4,A:527
Q96DX4,A:530
Q96DX4,A:531
Q96DX4,A:542
Q96DX4,A:548
Q96DX4,A:551
Q96DX4,A:558
Q96DX4,A:561
Q96DZ5,A:67
Q96DZ5,A:108
Q96DZ5,A:126
Q96DZ5,A:193
Q96DZ5,A:210
Q96DZ5,A:216
Q96DZ5,A:270
Q96DZ5,A:313
Q96DZ5,A:347
Q96DZ5,A:469
Q96EP0,A:59
Q96EP0,A:217
Q96EP0,A:220
Q96EP0,A:229
Q96EP0,A:232
Q96EP0,A:237
Q96EP0,A:240
Q96EP0,A:306
Q96EP0,A:309
Q96EP0,A:320
Q96EP0,A:323
Q96EP0,A:329
Q96EP0,A:356
Q96EP0,A:359
Q96EP0,A:370
Q96EP0,A:373
Q96EP0,A:394
Q96EP0,A:415
Q96EP0,A:418
Q96EP0,A:421
Q96EP0,A:429
Q96EP0,A:432
Q96EP0,A:473
Q96EP0,A:504
Q96EP0,A:551
Q96EP0,A:572
Q96EP0,A:699
Q96EP0,A:744
Q96EP0,A:747
Q96EP0,A:799
Q96EP0,A:802
Q96EP0,A:817
Q96EP0,A:820
Q96EP0,A:825
Q96EP0,A:828
Q96EP0,A:841
Q96EP0,A:871
Q96EP0,A:874
Q96EP0,A:885
Q96EP0,A:890
Q96EP0,A:893
Q96EP0,A:898
Q96EP0,A:901
Q96EP0,A:911
Q96EP0,A:916
Q96EP0,A:930
Q96EP0,A:969
Q96EP0,A:986
Q96EP0,A:998
Q96MH7,A:30
Q96MH7,A:81
Q96MH7,A:135
Q96MH7,A:149
Q96MH7,A:181
Q96MH7,A:200
Q96MH7,A:214
Q96MH7,A:233
Q96MH7,A:241
Q96MH7,A:247
Q96MH7,A:315
Q96MH7,A:420
Q96MH7,A:434
Q96MH7,A:435
Q96MH7,A:505
Q96MH7,A:536
Q96MH7,A:631
Q96PJ5,A:14
Q96PJ5,A:44
Q96PJ5,A:85
Q96PJ5,A:123
Q96PJ5,A:167
Q96PJ5,A:212
Q96PJ5,A:261
Q96PJ5,A:310
Q96PJ5,A:359
Q96PJ5,A:441
Q96PP8,A:12
Q96PP8,A:82
Q96PP8,A:184
Q96PP8,A:223
Q96PP8,A:233
Q96PP8,A:268
Q96PP8,A:309
Q96PP8,A:394
Q96PP8,A:405
Q99523,A:86
Q99523,A:257
Q99523,A:277
Q99523,A:448
Q99523,A:458
Q99523,A:556
Q99523,A:612
Q99523,A:634
Q99523,A:651
Q99523,A:666
Q99523,A:668
Q99523,A:675
Q99523,A:688
Q99523,A:702
Q99523,A:723
Q99523,A:740
Q99805,A:47
Q99805,A:56
Q99805,A:84
Q99805,A:164
Q99805,A:174
Q99805,A:182
Q99805,A:194
Q99805,A:250
Q99805,A:387
Q99805,A:402
Q99805,A:441
Q99805,A:479
Q99805,A:534
Q99805,A:569
Q99805,A:577
Q99805,A:582
Q99805,A:649
Q9BSF0,A:34
Q9BSF0,A:71
Q9BSF0,A:79
Q9BSJ8,A:230
Q9BSJ8,A:370
Q9BSJ8,A:522
Q9BSJ8,A:604
Q9BSJ8,A:611
Q9BSJ8,A:734
Q9BSJ8,A:890
Q9BSJ8,A:995
Q9BTU6,A:320
Q9BVA1,A:12
Q9BVA1,A:127
Q9BVA1,A:201
Q9BVA1,A:211
Q9BWD1,A:65
Q9BWD1,A:100
Q9BWD1,A:148
Q9BWD1,A:158
Q9BX67,A:12
Q9BX67,A:27
Q9BX67,A:53
Q9BX67,A:115
Q9BX67,A:144
Q9BX67,A:160
Q9BX67,A:219
Q9BX67,A:230
Q9BZY9,A:16
Q9BZY9,A:19
Q9BZY9,A:31
Q9BZY9,A:36
Q9BZY9,A:39
Q9BZY9,A:48
Q9BZY9,A:53
Q9BZY9,A:56
Q9BZY9,A:95
Q9BZY9,A:106
Q9BZY9,A:255
Q9BZY9,A:375
Q9BZY9,A:420
Q9GZU1,A:64
Q9GZU1,A:166
Q9GZU1,A:192
Q9GZU1,A:253
Q9GZU1,A:284
Q9GZU1,A:309
Q9GZU1,A:316
Q9GZU1,A:386
Q9GZU1,A:429
Q9GZU1,A:430
Q9GZU1,A:431
Q9GZU1,A:440
Q9GZU1,A:442
Q9GZU1,A:463
Q9GZU1,A:544
Q9GZU7,A:92
Q9GZU7,A:148
Q9GZU7,A:181
Q9H3N1,A:56
Q9H3N1,A:59
Q9H3N1,A:198
Q9H6X2,A:25
Q9H6X2,A:39
Q9H6X2,A:177
Q9H6X2,A:220
Q9H6X2,A:232
Q9H6X2,A:257
Q9H6X2,A:281
Q9H6X2,A:317
Q9H6X2,A:346
Q9H6Y7,A:67
Q9H6Y7,A:92
Q9H6Y7,A:196
Q9H6Y7,A:230
Q9H6Y7,A:233
Q9H6Y7,A:256
Q9H6Y7,A:268
Q9H6Y7,A:271
Q9HCK5,A:225
Q9HCK5,A:262
Q9HCK5,A:272
Q9HCK5,A:296
Q9HCK5,A:317
Q9HCK5,A:334
Q9HCK5,A:342
Q9HCK5,A:447
Q9HCK5,A:454
Q9HCK5,A:482
Q9HCK5,A:484
Q9HCK5,A:538
Q9HCK5,A:556
Q9HCK5,A:693
Q9HCK5,A:719
Q9HCK5,A:753
Q9HCK5,A:775
Q9HCK5,A:789
Q9HCK5,A:795
Q9NRR6,A:52
Q9NRR6,A:128
Q9NRR6,A:132
Q9NRR6,A:245
Q9NRR6,A:248
Q9NRR6,A:342
Q9NRR6,A:385
Q9NRR6,A:390
Q9NRR6,A:494
Q9NRR6,A:569
Q9NRR6,A:576
Q9NRY6,A:103
Q9NRY6,A:130
Q9NRY6,A:131
Q9NVE5,A:50
Q9NVE5,A:172
Q9NVE5,A:175
Q9NVE5,A:214
Q9NVE5,A:220
Q9NVE5,A:223
Q9NVE5,A:256
Q9NVE5,A:264
Q9NVE5,A:277
Q9NVE5,A:301
Q9NVE5,A:445
Q9NVE5,A:500
Q9NVE5,A:520
Q9NVE5,A:609
Q9NVE5,A:638
Q9NVE5,A:657
Q9NVE5,A:658
Q9NVE5,A:694
Q9NVE5,A:757
Q9NVE5,A:810
Q9NVE5,A:832
Q9NVE5,A:871
Q9NVE5,A:894
Q9NVE5,A:902
Q9NVE5,A:914
Q9NVE5,A:957
Q9NVE5,A:1054
Q9NVS2,A:11
Q9NVS2,A:70
Q9NVS2,A:73
Q9NVS2,A:118
Q9NVS2,A:186
Q9NZL4,A:96
Q9NZL4,A:131
Q9NZL4,A:141
Q9NZL4,A:172
Q9NZL4,A:201
Q9NZL4,A:214
Q9NZL4,A:269
Q9NZL4,A:297
Q9NZL4,A:310
Q9NZL4,A:325
Q9NZL4,A:341
Q9NZL4,A:348
Q9NZQ7,A:40
Q9NZQ7,A:114
Q9NZQ7,A:155
Q9NZQ7,A:209
Q9NZQ7,A:250
Q9NZW5,A:103
Q9NZW5,A:222
Q9NZW5,A:236
Q9P0L0,A:48
Q9P0L0,A:60
Q9P0L0,A:179
Q9UBS4,A:10
Q9UBS4,A:169
Q9UBS4,A:171
Q9UBS4,A:193
Q9UJJ7,A:57
Q9UJJ7,A:63
Q9UJJ7,A:89
Q9UJJ7,A:131
Q9UJJ7,A:138
Q9UJJ7,A:180
Q9UJJ7,A:221
Q9UJJ7,A:225
Q9UJJ7,A:237
Q9UJJ7,A:299
Q9UKG9,A:196
Q9UKG9,A:210
Q9UKG9,A:228
Q9UKG9,A:323
Q9UKG9,A:325
Q9UKG9,A:437
Q9UKG9,A:438
Q9UKG9,A:466
Q9UKG9,A:497
Q9UKG9,A:578
Q9UKG9,A:584
Q9UKG9,A:598
Q9UKJ5,A:74
Q9UKJ5,A:99
Q9UKJ5,A:106
Q9UKJ5,A:131
Q9UKJ5,A:141
Q9ULH1,A:53
Q9ULH1,A:248
Q9ULH1,A:347
Q9ULH1,A:373
Q9ULH1,A:454
Q9ULH1,A:455
Q9ULH1,A:457
Q9ULH1,A:474
Q9ULH1,A:477
Q9ULH1,A:557
Q9ULH1,A:627
Q9ULH1,A:644
Q9ULH1,A:652
Q9ULH1,A:685
Q9ULH1,A:740
Q9ULH1,A:1078
Q9UMS4,A:5
Q9UMS4,A:114
Q9UMS4,A:230
Q9UMS4,A:298
Q9UMS4,A:351
Q9UMS4,A:355
Q9UMS4,A:462
Q9UP65,A:59
Q9UP65,A:351
Q9UP65,A:428
Q9UP65,A:453
Q9UP65,A:475
Q9UP65,A:539
Q9UQ80,A:49
Q9UQ80,A:85
Q9UQ80,A:87
Q9UQ80,A:149
Q9UQ80,A:179
Q9Y230,A:375
Q9Y230,A:413
Q9Y4P3,A:95
Q9Y4P3,A:108
Q9Y4P3,A:148
Q9Y4P3,A:240
Q9Y4P3,A:247
Q9Y4P3,A:259
Q9Y4P3,A:335
Q9Y4P3,A:367
Q9Y4P3,A:375
Q9Y4P3,A:391
