chain,resname,resnum,res_key,density,ACC,hbond_type
A,ALA,637,A_ALA_637,3.444090420995478,19.0,0
A,ASN,501,A_ASN_501,12.668866992978232,35.0,1
A,ASN,641,A_ASN_641,15.416655701702336,123.0,0
A,ASN,657,A_ASN_657,21.434340398128807,0.0,1
A,ASN,659,A_ASN_659,10.780882283954371,74.0,1
A,ASN,661,A_ASN_661,17.649494067075608,57.0,1
A,ASN,672,A_ASN_672,15.668418017071112,72.0,0
A,ASP,643,A_ASP_643,21.78005992010669,97.0,2
A,ASP,645,A_ASP_645,20.513490802032404,86.0,0
A,CYS,512,A_CYS_512,10.203692725249418,0.0,0
A,CYS,644,A_CYS_644,18.009852817658945,6.0,0
A,CYS,650,A_CYS_650,17.53093041622124,0.0,0
A,CYS,656,A_CYS_656,18.24526791599732,0.0,0
A,CYS,662,A_CYS_662,17.87044801012871,2.0,0
A,CYS,673,A_CYS_673,5.43836202348329,0.0,0
A,GLN,500,A_GLN_500,23.382827861103912,11.0,1
A,GLN,647,A_GLN_647,22.857971393300872,139.0,0
A,GLY,502,A_GLY_502,10.35708500772094,10.0,0
A,GLY,652,A_GLY_652,7.270455666447793,23.0,0
A,GLY,654,A_GLY_654,10.167869021364876,5.0,0
A,HIS,651,A_HIS_651,10.498028560492074,72.0,0
A,HIS,653,A_HIS_653,4.384259457258679,55.0,2
A,HIS,663,A_HIS_663,12.72914865868064,19.0,3
A,ILE,499,A_ILE_499,18.78465653449446,11.0,0
A,LEU,640,A_LEU_640,11.651285725168233,22.0,0
A,LYS,648,A_LYS_648,21.063765634556084,172.0,0
A,LYS,649,A_LYS_649,20.42236783561382,76.0,0
A,LYS,660,A_LYS_660,20.44492726460537,82.0,1
A,PHE,498,A_PHE_498,5.759383296590096,10.0,0
A,PRO,504,A_PRO_504,16.114831396036884,45.0,0
A,PRO,671,A_PRO_671,3.314682849935245,73.0,0
A,SER,658,A_SER_658,11.400065230297749,36.0,0
A,TYR,503,A_TYR_503,28.9479255651156,67.0,0
A,TYR,511,A_TYR_511,3.860241074865336,36.0,0
A,TYR,642,A_TYR_642,27.117738673591987,73.0,0
A,VAL,646,A_VAL_646,16.61727346631963,22.0,0
A,VAL,655,A_VAL_655,16.5732199786598,21.0,0
